S6677496X,Army10C4IBattalion,6:15 PM,6:20 PM
S7241023U,Army10C4IBattalion,6:15 PM,6:20 PM
T0251961B,Army10C4IBattalion,6:15 PM,6:20 PM
S8563506C,Army10C4IBattalion,6:15 PM,6:20 PM
S8959680F,Army10C4IBattalion,6:15 PM,6:20 PM
T0232276J,Army10C4IBattalion,6:15 PM,6:20 PM
T0498174S,Army10C4IBattalion,6:15 PM,6:20 PM
S9075203E,Army10C4IBattalion,6:15 PM,6:20 PM
T0631032V,Army10C4IBattalion,6:15 PM,6:20 PM
S9395841D,Army10C4IBattalion,6:15 PM,6:20 PM
T0280535G,Army10C4IBattalion,6:15 PM,6:20 PM
T0980767T,Army10C4IBattalion,6:15 PM,6:20 PM
T0894150G,Army10C4IBattalion,6:15 PM,6:20 PM
S6561327T,Army10C4IBattalion,6:15 PM,6:20 PM
S7790973A,Army10C4IBattalion,6:15 PM,6:20 PM
S6764417C,Army10C4IBattalion,6:15 PM,6:20 PM
S6592308H,Army10C4IBattalion,6:15 PM,6:20 PM
T0864145A,Army10C4IBattalion,6:15 PM,6:20 PM
S7061723J,Army10C4IBattalion,6:15 PM,6:20 PM
S9631633W,Army10C4IBattalion,6:15 PM,6:20 PM
S6690039L,Army10C4IBattalion,6:15 PM,6:21 PM
T0464262O,Army10C4IBattalion,6:15 PM,6:21 PM
S8345649D,Army10C4IBattalion,6:15 PM,6:21 PM
T0532804E,Army10C4IBattalion,6:15 PM,6:21 PM
T0953250V,Army10C4IBattalion,6:15 PM,6:21 PM
S9557290B,Army10C4IBattalion,6:15 PM,6:21 PM
T0463668H,Army10C4IBattalion,6:15 PM,6:21 PM
S8365230Y,Army10C4IBattalion,6:15 PM,6:21 PM
S6474269O,Army10C4IBattalion,6:15 PM,6:21 PM
S7836967U,Army10C4IBattalion,6:15 PM,6:21 PM
T0929759V,Army10C4IBattalion,6:15 PM,6:21 PM
S6813640Q,Army10C4IBattalion,6:15 PM,6:21 PM
T0653306Q,Army10C4IBattalion,6:15 PM,6:21 PM
S9939582P,Army10C4IBattalion,6:15 PM,6:21 PM
S9168806D,Army10C4IBattalion,6:15 PM,6:21 PM
T0465154Z,Army10C4IBattalion,6:15 PM,6:21 PM
S8547217B,Army10C4IBattalion,6:15 PM,6:21 PM
S8278615F,Army10C4IBattalion,6:15 PM,6:21 PM
T0339294X,Army10C4IBattalion,6:15 PM,6:21 PM
S7022191O,Army10C4IBattalion,6:15 PM,6:21 PM
S9899364A,Army10C4IBattalion,6:15 PM,6:22 PM
S7772012I,Army10C4IBattalion,6:15 PM,6:22 PM
T0433458Y,Army10C4IBattalion,6:15 PM,6:22 PM
S7031500L,Army10C4IBattalion,6:15 PM,6:22 PM
T0215908H,Army10C4IBattalion,6:15 PM,6:22 PM
T0793267W,Army10C4IBattalion,6:15 PM,6:22 PM
T0239458E,Army11C4IBattalion,6:15 PM,6:22 PM
T0419913Y,Army11C4IBattalion,6:15 PM,6:22 PM
T0625624T,Army11C4IBattalion,6:15 PM,6:22 PM
S6989053B,Army11C4IBattalion,6:15 PM,6:22 PM
S8695437Y,Army11C4IBattalion,6:15 PM,6:22 PM
T0837172E,Army11C4IBattalion,6:15 PM,6:22 PM
T0469216J,Army11C4IBattalion,6:15 PM,6:22 PM
T0118283Y,Army11C4IBattalion,6:15 PM,6:22 PM
S6242897K,Army11C4IBattalion,6:15 PM,6:22 PM
T0563085Q,Army11C4IBattalion,6:15 PM,6:22 PM
T0530967I,Army11C4IBattalion,6:15 PM,6:22 PM
S8345942X,Army11C4IBattalion,6:15 PM,6:22 PM
S9535360Y,Army11C4IBattalion,6:15 PM,6:22 PM
T0522690H,Army11C4IBattalion,6:15 PM,6:22 PM
S7534618O,Army11C4IBattalion,6:16 PM,6:23 PM
S9836886E,Army11C4IBattalion,6:16 PM,6:23 PM
T0796446K,Army11C4IBattalion,6:16 PM,6:23 PM
T0952930T,Army11C4IBattalion,6:16 PM,6:23 PM
S8698456U,Army11C4IBattalion,6:16 PM,6:23 PM
S6229853N,Army11C4IBattalion,6:16 PM,6:23 PM
T0487624K,Army11C4IBattalion,6:16 PM,6:23 PM
T0196332D,Army11C4IBattalion,6:16 PM,6:23 PM
T0334927L,Army11C4IBattalion,6:16 PM,6:23 PM
T0283327N,Army11C4IBattalion,6:16 PM,6:23 PM
S6160771C,Army11C4IBattalion,6:16 PM,6:23 PM
S7411423G,Army11C4IBattalion,6:16 PM,6:23 PM
T0045858P,Army11C4IBattalion,6:16 PM,6:23 PM
S9288061T,Army11C4IBattalion,6:16 PM,6:23 PM
T0427515E,Army11C4IBattalion,6:16 PM,6:23 PM
S7080710M,Army11C4IBattalion,6:16 PM,6:23 PM
S9257128F,Army11C4IBattalion,6:16 PM,6:23 PM
S7621350R,Army11C4IBattalion,6:16 PM,6:23 PM
S9763905B,Army17C4IBattalion,6:16 PM,6:23 PM
T0450146D,Army17C4IBattalion,6:16 PM,6:23 PM
T0231085R,Army17C4IBattalion,6:16 PM,6:24 PM
S6450699L,Army17C4IBattalion,6:16 PM,6:24 PM
S7939015M,Army17C4IBattalion,6:16 PM,6:24 PM
S7044526A,Army17C4IBattalion,6:16 PM,6:24 PM
S6020846A,Army17C4IBattalion,6:16 PM,6:24 PM
S6822205W,Army17C4IBattalion,6:16 PM,6:24 PM
T0564105I,Army17C4IBattalion,6:16 PM,6:24 PM
S6859664F,Army17C4IBattalion,6:16 PM,6:24 PM
S7652236J,Army17C4IBattalion,6:16 PM,6:24 PM
S6936565X,Army17C4IBattalion,6:16 PM,6:24 PM
T0941131A,Army17C4IBattalion,6:16 PM,6:24 PM
T0578206G,Army17C4IBattalion,6:16 PM,6:24 PM
S6613862Y,Army17C4IBattalion,6:16 PM,6:24 PM
T0426350Q,Army17C4IBattalion,6:16 PM,6:24 PM
S8895170R,Army17C4IBattalion,6:16 PM,6:24 PM
S9359678H,Army17C4IBattalion,6:16 PM,6:24 PM
T0285407X,Army17C4IBattalion,6:16 PM,6:24 PM
T0682974T,Army17C4IBattalion,6:16 PM,6:24 PM
S6471490H,Army17C4IBattalion,6:16 PM,6:24 PM
T0780696H,Army17C4IBattalion,6:16 PM,6:24 PM
S8243500B,Army17C4IBattalion,6:16 PM,6:25 PM
T0990083R,Army17C4IBattalion,6:16 PM,6:25 PM
S8494908G,Army17C4IBattalion,6:16 PM,6:25 PM
T0778131M,Army17C4IBattalion,6:16 PM,6:25 PM
S7134696T,Army17C4IBattalion,6:16 PM,6:25 PM
S9015198A,Army17C4IBattalion,6:16 PM,6:25 PM
T0066983V,Army17C4IBattalion,6:16 PM,6:25 PM
S9777926G,Army17C4IBattalion,6:16 PM,6:25 PM
T0029495G,ASME,6:16 PM,6:25 PM
S6575318T,ASME,6:16 PM,6:25 PM
S7012354W,ASME,6:16 PM,6:25 PM
T0843845F,ASME,6:16 PM,6:25 PM
T0679169S,ASME,6:16 PM,6:25 PM
S6823008N,ASME,6:16 PM,6:25 PM
S9264314J,ASME,6:16 PM,6:25 PM
T0136603F,ASME,6:16 PM,6:25 PM
T0913282S,ASME,6:16 PM,6:25 PM
S8321481V,ASME,6:16 PM,6:25 PM
S9962840G,ASME,6:16 PM,6:25 PM
S8556184P,ASME,6:16 PM,6:25 PM
T0992174L,ASME,6:17 PM,6:26 PM
T0176507T,ASME,6:17 PM,6:26 PM
T0886277B,ASME,6:17 PM,6:26 PM
S7011361K,ASME,6:17 PM,6:26 PM
S8456599A,ASME,6:17 PM,6:26 PM
S9922895H,ASME,6:17 PM,6:26 PM
S7998686G,ASME,6:17 PM,6:26 PM
T0329836T,ASME,6:17 PM,6:26 PM
T0427474Z,ASME,6:17 PM,6:26 PM
T0770154B,ASME,6:17 PM,6:26 PM
S6450913U,ASME,6:17 PM,6:26 PM
S6575388W,ASME,6:17 PM,6:26 PM
T0697899T,ASME,6:17 PM,6:26 PM
S6166578X,ASME,6:17 PM,6:26 PM
T0851903K,ASME,6:17 PM,6:26 PM
S9975280G,ASME,6:17 PM,6:26 PM
T0635172Z,ASME,6:17 PM,6:26 PM
S7485266L,ASME,6:17 PM,6:26 PM
S8292612D,ASME,6:17 PM,6:26 PM
T0279119K,ASME,6:17 PM,6:26 PM
T0258805H,ASME,6:17 PM,6:27 PM
T0165342V,ASME,6:17 PM,6:27 PM
S9146400O,ASME,6:17 PM,6:27 PM
T0628292F,ASME,6:17 PM,6:27 PM
S7526648N,DBSBankLtd,6:17 PM,6:27 PM
T0186588M,DBSBankLtd,6:17 PM,6:27 PM
S9013315R,DBSBankLtd,6:17 PM,6:27 PM
T0999707N,DBSBankLtd,6:17 PM,6:27 PM
T0068548N,DBSBankLtd,6:17 PM,6:27 PM
S9684667W,DBSBankLtd,6:17 PM,6:27 PM
T0940397I,DBSBankLtd,6:17 PM,6:27 PM
S9666297R,DBSBankLtd,6:17 PM,6:27 PM
T0315124R,DBSBankLtd,6:17 PM,6:27 PM
T0013368U,DBSBankLtd,6:17 PM,6:27 PM
S6891259G,DBSBankLtd,6:17 PM,6:27 PM
S8380995Y,DBSBankLtd,6:17 PM,6:27 PM
T0168458P,DBSBankLtd,6:17 PM,6:27 PM
S9832684L,DBSBankLtd,6:17 PM,6:27 PM
T0950584M,DBSBankLtd,6:17 PM,6:27 PM
T0616991Y,DBSBankLtd,6:17 PM,6:27 PM
S9694003V,DBSBankLtd,6:17 PM,6:28 PM
S9424210I,DBSBankLtd,6:17 PM,6:28 PM
T0450496R,DBSBankLtd,6:17 PM,6:28 PM
S9879797E,DBSBankLtd,6:17 PM,6:28 PM
T0967916N,DBSBankLtd,6:17 PM,6:28 PM
T0550169F,DBSBankLtd,6:17 PM,6:28 PM
T0140028Z,DBSBankLtd,6:17 PM,6:28 PM
T0085432Z,DBSBankLtd,6:17 PM,6:28 PM
S8219681C,DBSBankLtd,6:17 PM,6:28 PM
T0441024I,DBSBankLtd,6:17 PM,6:28 PM
S9737569K,DBSBankLtd,6:17 PM,6:28 PM
S9229604C,DBSBankLtd,6:17 PM,6:28 PM
S7387572K,DBSBankLtd,6:17 PM,6:28 PM
T0722162S,DBSBankLtd,6:17 PM,6:28 PM
T0056017U,DBSBankLtd,6:17 PM,6:28 PM
T0345617E,DBSBankLtd,6:17 PM,6:28 PM
S9650849E,DBSBankLtd,6:17 PM,6:28 PM
S9217375N,DBSBankLtd,6:17 PM,6:28 PM
T0936260X,DBSBankLtd,6:17 PM,6:28 PM
T0782531W,DBSBankLtd,6:17 PM,6:28 PM
S7191711Q,FamiliesforLife,6:18 PM,6:29 PM
T0924144T,FamiliesforLife,6:18 PM,6:29 PM
T0438343L,FamiliesforLife,6:18 PM,6:29 PM
T0665496Q,FamiliesforLife,6:18 PM,6:29 PM
S8314687N,FamiliesforLife,6:18 PM,6:29 PM
T0364399E,FamiliesforLife,6:18 PM,6:29 PM
T0744343K,FamiliesforLife,6:18 PM,6:29 PM
T0141815Z,FamiliesforLife,6:18 PM,6:29 PM
S7725049G,FamiliesforLife,6:18 PM,6:29 PM
S9178458I,FamiliesforLife,6:18 PM,6:29 PM
T0927658F,FamiliesforLife,6:18 PM,6:29 PM
T0948689F,FamiliesforLife,6:18 PM,6:29 PM
T0632442G,FamiliesforLife,6:18 PM,6:29 PM
S6334380P,FamiliesforLife,6:18 PM,6:29 PM
S9875554Y,FamiliesforLife,6:18 PM,6:29 PM
T0527252B,FamiliesforLife,6:18 PM,6:29 PM
T0080207Z,FamiliesforLife,6:18 PM,6:29 PM
S6772250M,FamiliesforLife,6:18 PM,6:29 PM
T0552249K,FamiliesforLife,6:18 PM,6:29 PM
T0573053M,FamiliesforLife,6:18 PM,6:29 PM
T0669453Y,FamiliesforLife,6:18 PM,6:30 PM
T0165954Q,FamiliesforLife,6:18 PM,6:30 PM
T0740454Y,FamiliesforLife,6:18 PM,6:30 PM
S6443343A,FamiliesforLife,6:18 PM,6:30 PM
T0793639B,FamiliesforLife,6:18 PM,6:30 PM
T0685349Q,FamiliesforLife,6:18 PM,6:30 PM
S6069578C,FamiliesforLife,6:18 PM,6:30 PM
S6246208S,FamiliesforLife,6:18 PM,6:30 PM
S7969885R,FamiliesforLife,6:18 PM,6:30 PM
T0341940B,GirlGuidesSingapore,6:18 PM,6:30 PM
S8966867H,GirlGuidesSingapore,6:18 PM,6:30 PM
S7034338S,GirlGuidesSingapore,6:18 PM,6:30 PM
S7379714Z,GirlGuidesSingapore,6:18 PM,6:30 PM
T0189338U,GirlGuidesSingapore,6:18 PM,6:30 PM
S7970356Y,GirlGuidesSingapore,6:18 PM,6:30 PM
S7691799D,GirlGuidesSingapore,6:18 PM,6:30 PM
T0017872G,GirlGuidesSingapore,6:18 PM,6:30 PM
S8795978G,GirlGuidesSingapore,6:18 PM,6:30 PM
S7186201Y,GirlGuidesSingapore,6:18 PM,6:30 PM
T0947987U,GirlGuidesSingapore,6:18 PM,6:30 PM
T0487386Z,GirlGuidesSingapore,6:18 PM,6:31 PM
T0953374R,GirlGuidesSingapore,6:18 PM,6:31 PM
T0552960T,GirlGuidesSingapore,6:18 PM,6:31 PM
S7071251L,GirlGuidesSingapore,6:18 PM,6:31 PM
T0657763G,GirlGuidesSingapore,6:18 PM,6:31 PM
S8148239I,GirlGuidesSingapore,6:18 PM,6:31 PM
T0778460S,GirlGuidesSingapore,6:18 PM,6:31 PM
S9367997K,GirlGuidesSingapore,6:18 PM,6:31 PM
S9583195D,GirlGuidesSingapore,6:18 PM,6:31 PM
T0035635C,GirlGuidesSingapore,6:18 PM,6:31 PM
S6223342X,GirlGuidesSingapore,6:18 PM,6:31 PM
S8873472W,GirlGuidesSingapore,6:18 PM,6:31 PM
T0824407D,GirlGuidesSingapore,6:18 PM,6:31 PM
T0913343Z,GRAB,6:18 PM,6:31 PM
S7861298L,GRAB,6:18 PM,6:31 PM
S9878613G,GRAB,6:18 PM,6:31 PM
T0023239S,GRAB,6:18 PM,6:31 PM
S9830741F,GRAB,6:18 PM,6:31 PM
T0158501H,GRAB,6:18 PM,6:31 PM
S6443400J,GRAB,6:18 PM,6:31 PM
S7656284C,GRAB,6:19 PM,6:32 PM
S7972910H,GRAB,6:19 PM,6:32 PM
T0336486Z,GRAB,6:19 PM,6:32 PM
S8237241T,GRAB,6:19 PM,6:32 PM
T0659190R,GRAB,6:19 PM,6:32 PM
T0994224O,GRAB,6:19 PM,6:32 PM
T0770313O,GRAB,6:19 PM,6:32 PM
S6296429R,GRAB,6:19 PM,6:32 PM
T0443912C,GRAB,6:19 PM,6:32 PM
T0812627M,GRAB,6:19 PM,6:32 PM
T0746750W,GRAB,6:19 PM,6:32 PM
S6644981B,GRAB,6:19 PM,6:32 PM
T0397679P,GRAB,6:19 PM,6:32 PM
S6544362O,GRAB,6:19 PM,6:32 PM
S7043095Q,GRAB,6:19 PM,6:32 PM
S6414224E,GRAB,6:19 PM,6:32 PM
S7887144D,GRAB,6:19 PM,6:32 PM
S8585608D,GRAB,6:19 PM,6:32 PM
T0272114V,GRAB,6:19 PM,6:32 PM
S6766637U,GRAB,6:19 PM,6:32 PM
T0431002Q,GRAB,6:19 PM,6:33 PM
T0152608N,GRAB,6:19 PM,6:33 PM
T0781421N,GRAB,6:19 PM,6:33 PM
S8693959J,GRAB,6:19 PM,6:33 PM
S6634361S,GRAB,6:19 PM,6:33 PM
T0498190J,GRAB,6:19 PM,6:33 PM
T0924656H,GRAB,6:19 PM,6:33 PM
S7015399N,KeppelCorporationLtd,6:19 PM,6:33 PM
S7171326X,KeppelCorporationLtd,6:19 PM,6:33 PM
T0997930M,KeppelCorporationLtd,6:19 PM,6:33 PM
T0441281L,KeppelCorporationLtd,6:19 PM,6:33 PM
S9363451O,KeppelCorporationLtd,6:19 PM,6:33 PM
S6023601R,KeppelCorporationLtd,6:19 PM,6:33 PM
S8241747N,KeppelCorporationLtd,6:19 PM,6:33 PM
S6157544V,KeppelCorporationLtd,6:19 PM,6:33 PM
S6325399F,KeppelCorporationLtd,6:19 PM,6:33 PM
T0364795C,KeppelCorporationLtd,6:19 PM,6:33 PM
T0392091U,KeppelCorporationLtd,6:19 PM,6:33 PM
S8945912Q,KeppelCorporationLtd,6:19 PM,6:33 PM
T0191731E,KeppelCorporationLtd,6:19 PM,6:33 PM
S7175316W,KeppelCorporationLtd,6:19 PM,6:34 PM
S9426872V,KeppelCorporationLtd,6:19 PM,6:34 PM
T0134344U,KeppelCorporationLtd,6:19 PM,6:34 PM
S6297518Y,KeppelCorporationLtd,6:19 PM,6:34 PM
S9862522L,KeppelCorporationLtd,6:19 PM,6:34 PM
T0250466K,KeppelCorporationLtd,6:19 PM,6:34 PM
S8631489H,KeppelCorporationLtd,6:19 PM,6:34 PM
S7955084N,KeppelCorporationLtd,6:19 PM,6:34 PM
T0643051G,KeppelCorporationLtd,6:19 PM,6:34 PM
T0172965V,KeppelCorporationLtd,6:19 PM,6:34 PM
T0255641R,KeppelCorporationLtd,6:19 PM,6:34 PM
T0263517K,KeppelCorporationLtd,6:19 PM,6:34 PM
T0559049F,KeppelCorporationLtd,6:19 PM,6:34 PM
T0977890I,KeppelCorporationLtd,6:19 PM,6:34 PM
S8823734N,KeppelCorporationLtd,6:19 PM,6:34 PM
S7578396A,MaritimeSingapore,6:19 PM,6:34 PM
T0884841O,MaritimeSingapore,6:19 PM,6:34 PM
T0282318K,MaritimeSingapore,6:19 PM,6:34 PM
T0437400N,MaritimeSingapore,6:19 PM,6:34 PM
S8842246B,MaritimeSingapore,6:19 PM,6:34 PM
T0922277E,MaritimeSingapore,6:20 PM,6:35 PM
T0184344S,MaritimeSingapore,6:20 PM,6:35 PM
T0353228K,MaritimeSingapore,6:20 PM,6:35 PM
T0940443H,MaritimeSingapore,6:20 PM,6:35 PM
T0151318Q,MaritimeSingapore,6:20 PM,6:35 PM
S9579103G,MaritimeSingapore,6:20 PM,6:35 PM
S6370961A,MaritimeSingapore,6:20 PM,6:35 PM
S7724114G,MaritimeSingapore,6:20 PM,6:35 PM
T0858246F,MaritimeSingapore,6:20 PM,6:35 PM
S9693120Q,MaritimeSingapore,6:20 PM,6:35 PM
S8741143O,MaritimeSingapore,6:20 PM,6:35 PM
T0173289Q,MaritimeSingapore,6:20 PM,6:35 PM
S8239148Y,MaritimeSingapore,6:20 PM,6:35 PM
T0827745W,MaritimeSingapore,6:20 PM,6:35 PM
T0496556A,MaritimeSingapore,6:20 PM,6:35 PM
T0754290Z,MaritimeSingapore,6:20 PM,6:35 PM
T0351699G,MaritimeSingapore,6:20 PM,6:35 PM
S8351745S,MaritimeSingapore,6:20 PM,6:35 PM
T0238051Y,MaritimeSingapore,6:20 PM,6:35 PM
T0731808G,MaritimeSingapore,6:20 PM,6:35 PM
S7148847N,MaritimeSingapore,6:20 PM,6:36 PM
T0726651H,MaritimeSingapore,6:20 PM,6:36 PM
T0350178P,MaritimeSingapore,6:20 PM,6:36 PM
S8492808H,MaritimeSingapore,6:20 PM,6:36 PM
S9297319J,MaritimeSingapore,6:20 PM,6:36 PM
T0387141B,NationalCadetCorpsLandAir,6:20 PM,6:36 PM
S9055086W,NationalCadetCorpsLandAir,6:20 PM,6:36 PM
S8881232S,NationalCadetCorpsLandAir,6:20 PM,6:36 PM
S7479554U,NationalCadetCorpsLandAir,6:20 PM,6:36 PM
S8996983R,NationalCadetCorpsLandAir,6:20 PM,6:36 PM
T0916969M,NationalCadetCorpsLandAir,6:20 PM,6:36 PM
S9864290F,NationalCadetCorpsLandAir,6:20 PM,6:36 PM
S8068976M,NationalCadetCorpsLandAir,6:20 PM,6:36 PM
T0849088G,NationalCadetCorpsLandAir,6:20 PM,6:36 PM
S7941698L,NationalCadetCorpsLandAir,6:20 PM,6:36 PM
T0614271A,NationalCadetCorpsLandAir,6:20 PM,6:36 PM
S9671766E,NationalCadetCorpsLandAir,6:20 PM,6:36 PM
S7739750P,NationalCadetCorpsLandAir,6:20 PM,6:36 PM
T0740472E,NationalCadetCorpsLandAir,6:20 PM,6:36 PM
S6422363U,NationalCadetCorpsLandAir,6:20 PM,6:36 PM
S6960775R,NationalCadetCorpsLandAir,6:20 PM,6:37 PM
T0391677H,NationalCadetCorpsLandAir,6:20 PM,6:37 PM
T0255140T,NationalCadetCorpsLandAir,6:20 PM,6:37 PM
T0736561A,NationalCadetCorpsLandAir,6:20 PM,6:37 PM
S8746210D,NationalCadetCorpsLandAir,6:20 PM,6:37 PM
S6870963S,NationalCadetCorpsLandSea,6:20 PM,6:37 PM
S7072309Q,NationalCadetCorpsLandSea,6:20 PM,6:37 PM
S9281570H,NationalCadetCorpsLandSea,6:20 PM,6:37 PM
S6782712L,NationalCadetCorpsLandSea,6:20 PM,6:37 PM
S8330417U,NationalCadetCorpsLandSea,6:20 PM,6:37 PM
S7446177B,NationalCadetCorpsLandSea,6:20 PM,6:37 PM
T0023214G,NationalCadetCorpsLandSea,6:20 PM,6:37 PM
S8361473D,NationalCadetCorpsLandSea,6:20 PM,6:37 PM
S6266019U,NationalCadetCorpsLandSea,6:20 PM,6:37 PM
S7923705D,NationalCadetCorpsLandSea,6:20 PM,6:37 PM
T0220924B,NationalCadetCorpsLandSea,6:20 PM,6:37 PM
S7343566P,NationalCadetCorpsLandSea,6:20 PM,6:37 PM
S9626415S,NationalCadetCorpsLandSea,6:20 PM,6:37 PM
S8961389Y,NationalCadetCorpsLandSea,6:20 PM,6:37 PM
S6779426Z,NationalCadetCorpsLandSea,6:20 PM,6:37 PM
T0563384C,NationalCadetCorpsLandSea,6:21 PM,6:38 PM
T0299461D,NationalCadetCorpsLandSea,6:21 PM,6:38 PM
S6454330V,NationalCadetCorpsLandSea,6:21 PM,6:38 PM
T0079755L,NationalCadetCorpsLandSea,6:21 PM,6:38 PM
T0319624W,NationalCadetCorpsLandSea,6:21 PM,6:38 PM
T0952943F,NationalCadetCorpsLandSea,6:21 PM,6:38 PM
S7616651Y,NationalCadetCorpsLandSea,6:21 PM,6:38 PM
S9511963Y,NationalCadetCorpsLandSea,6:21 PM,6:38 PM
T0224959B,NationalCadetCorpsLandSea,6:21 PM,6:38 PM
S6156814Y,NationalCadetCorpsLandSea,6:21 PM,6:38 PM
T0887740H,NationalCadetCorpsLandSea,6:21 PM,6:38 PM
S6138662T,NationalCadetCorpsLandSea,6:21 PM,6:38 PM
T0171836L,NationalCadetCorpsLandSea,6:21 PM,6:38 PM
S7577734A,NationalCadetCorpsLandSea,6:21 PM,6:38 PM
T0194115Q,NationalCadetCorpsLandSea,6:21 PM,6:38 PM
S7397131O,NationalCadetCorpsLandSea,6:21 PM,6:38 PM
S9622208E,NationalCivilDefenceCadetCorps,6:21 PM,6:38 PM
T0133982Y,NationalCivilDefenceCadetCorps,6:21 PM,6:38 PM
T0580122H,NationalCivilDefenceCadetCorps,6:21 PM,6:38 PM
T0196833B,NationalCivilDefenceCadetCorps,6:21 PM,6:38 PM
S6029794O,NationalCivilDefenceCadetCorps,6:21 PM,6:39 PM
S7286020K,NationalCivilDefenceCadetCorps,6:21 PM,6:39 PM
S6242446D,NationalCivilDefenceCadetCorps,6:21 PM,6:39 PM
S9044423F,NationalCivilDefenceCadetCorps,6:21 PM,6:39 PM
S9359597O,NationalCivilDefenceCadetCorps,6:21 PM,6:39 PM
S6681244U,NationalCivilDefenceCadetCorps,6:21 PM,6:39 PM
S8811904F,NationalCivilDefenceCadetCorps,6:21 PM,6:39 PM
T0397554I,NationalCivilDefenceCadetCorps,6:21 PM,6:39 PM
T0544551K,NationalCivilDefenceCadetCorps,6:21 PM,6:39 PM
T0285774X,NationalCivilDefenceCadetCorps,6:21 PM,6:39 PM
S7667283N,NationalCivilDefenceCadetCorps,6:21 PM,6:39 PM
S7943892I,NationalCivilDefenceCadetCorps,6:21 PM,6:39 PM
S7556877D,NationalCivilDefenceCadetCorps,6:21 PM,6:39 PM
T0170674K,NationalCivilDefenceCadetCorps,6:21 PM,6:39 PM
T0630546E,NationalCivilDefenceCadetCorps,6:21 PM,6:39 PM
T0611974R,NationalCivilDefenceCadetCorps,6:21 PM,6:39 PM
T0996380N,NationalCivilDefenceCadetCorps,6:21 PM,6:39 PM
T0712728L,NationalCivilDefenceCadetCorps,6:21 PM,6:39 PM
S8075302O,NationalCivilDefenceCadetCorps,6:21 PM,6:39 PM
S9820837Q,NationalCivilDefenceCadetCorps,6:21 PM,6:39 PM
T0493025H,NationalCivilDefenceCadetCorps,6:21 PM,6:40 PM
T0375996Y,NationalCivilDefenceCadetCorps,6:21 PM,6:40 PM
T0512612Q,NationalCivilDefenceCadetCorps,6:21 PM,6:40 PM
S6367749K,NationalCivilDefenceCadetCorps,6:21 PM,6:40 PM
S9128579W,NationalCivilDefenceCadetCorps,6:21 PM,6:40 PM
T0786002G,NationalCivilDefenceCadetCorps,6:21 PM,6:40 PM
T0743094L,NationalCivilDefenceCadetCorps,6:21 PM,6:40 PM
S9775376S,NationalCivilDefenceCadetCorps,6:21 PM,6:40 PM
S6812112U,NationalCivilDefenceCadetCorps,6:21 PM,6:40 PM
T0384135K,NationalCivilDefenceCadetCorps,6:21 PM,6:40 PM
T0440679U,NationalCivilDefenceCadetCorps,6:21 PM,6:40 PM
S6216054A,NationalCivilDefenceCadetCorps,6:21 PM,6:40 PM
S7997846B,NationalCivilDefenceCadetCorps,6:21 PM,6:40 PM
T0043098D,NationalPoliceCadetCorps,6:21 PM,6:40 PM
T0530418I,NationalPoliceCadetCorps,6:21 PM,6:40 PM
T0763903K,NationalPoliceCadetCorps,6:21 PM,6:40 PM
T0840192M,NationalPoliceCadetCorps,6:21 PM,6:40 PM
S6567853N,NationalPoliceCadetCorps,6:21 PM,6:40 PM
T0055518Y,NationalPoliceCadetCorps,6:21 PM,6:40 PM
S8069125N,NationalPoliceCadetCorps,6:21 PM,6:40 PM
T0116684Q,NationalPoliceCadetCorps,6:22 PM,6:41 PM
T0067704Y,NationalPoliceCadetCorps,6:22 PM,6:41 PM
S6774660Y,NationalPoliceCadetCorps,6:22 PM,6:41 PM
T0239927Y,NationalPoliceCadetCorps,6:22 PM,6:41 PM
T0615136J,NationalPoliceCadetCorps,6:22 PM,6:41 PM
S9860902E,NationalPoliceCadetCorps,6:22 PM,6:41 PM
T0615579E,NationalPoliceCadetCorps,6:22 PM,6:41 PM
S9147322W,NationalPoliceCadetCorps,6:22 PM,6:41 PM
S7840634E,NationalPoliceCadetCorps,6:22 PM,6:41 PM
T0231514J,NationalPoliceCadetCorps,6:22 PM,6:41 PM
S6531812C,NationalPoliceCadetCorps,6:22 PM,6:41 PM
T0919592V,NationalPoliceCadetCorps,6:22 PM,6:41 PM
T0429051D,NationalPoliceCadetCorps,6:22 PM,6:41 PM
T0935492Y,NationalPoliceCadetCorps,6:22 PM,6:41 PM
T0371148B,NationalPoliceCadetCorps,6:22 PM,6:41 PM
T0462402J,NationalPoliceCadetCorps,6:22 PM,6:41 PM
S6035161Y,NationalPoliceCadetCorps,6:22 PM,6:41 PM
S8676518K,NationalPoliceCadetCorps,6:22 PM,6:41 PM
T0893441H,NationalPoliceCadetCorps,6:22 PM,6:41 PM
T0829883O,NationalPoliceCadetCorps,6:22 PM,6:41 PM
T0146993H,NationalPoliceCadetCorps,6:22 PM,6:42 PM
T0999109U,NationalPoliceCadetCorps,6:22 PM,6:42 PM
S8592029I,NationalPoliceCadetCorps,6:22 PM,6:42 PM
T0236303D,NationalPoliceCadetCorps,6:22 PM,6:42 PM
S7488959H,NationalTradesUnionCongressNTUC,6:22 PM,6:42 PM
T0229423A,NationalTradesUnionCongressNTUC,6:22 PM,6:42 PM
S9538517J,NationalTradesUnionCongressNTUC,6:22 PM,6:42 PM
T0014293Y,NationalTradesUnionCongressNTUC,6:22 PM,6:42 PM
S6764124I,NationalTradesUnionCongressNTUC,6:22 PM,6:42 PM
T0017878M,NationalTradesUnionCongressNTUC,6:22 PM,6:42 PM
S6669972N,NationalTradesUnionCongressNTUC,6:22 PM,6:42 PM
T0390718L,NationalTradesUnionCongressNTUC,6:22 PM,6:42 PM
T0740193A,NationalTradesUnionCongressNTUC,6:22 PM,6:42 PM
T0339577F,NationalTradesUnionCongressNTUC,6:22 PM,6:42 PM
S8530715I,NationalTradesUnionCongressNTUC,6:22 PM,6:42 PM
T0933563R,NationalTradesUnionCongressNTUC,6:22 PM,6:42 PM
T0817150G,NationalTradesUnionCongressNTUC,6:22 PM,6:42 PM
T0456746G,NationalTradesUnionCongressNTUC,6:22 PM,6:42 PM
T0628328I,NationalTradesUnionCongressNTUC,6:22 PM,6:42 PM
T0019957M,NationalTradesUnionCongressNTUC,6:22 PM,6:42 PM
T0340228U,NationalTradesUnionCongressNTUC,6:22 PM,6:43 PM
T0576534W,NationalTradesUnionCongressNTUC,6:22 PM,6:43 PM
T0372030M,NationalTradesUnionCongressNTUC,6:22 PM,6:43 PM
T0553907L,NationalTradesUnionCongressNTUC,6:22 PM,6:43 PM
T0573296R,NationalTradesUnionCongressNTUC,6:22 PM,6:43 PM
T0874657K,NationalTradesUnionCongressNTUC,6:22 PM,6:43 PM
S7499484Q,NationalTradesUnionCongressNTUC,6:22 PM,6:43 PM
T0814810Z,NationalTradesUnionCongressNTUC,6:22 PM,6:43 PM
S7130979U,NationalTradesUnionCongressNTUC,6:22 PM,6:43 PM
T0436847R,NationalTradesUnionCongressNTUC,6:22 PM,6:43 PM
S8286509M,NationalTradesUnionCongressNTUC,6:22 PM,6:43 PM
T0659434Y,NationalTradesUnionCongressNTUC,6:22 PM,6:43 PM
S6313505A,NationalTradesUnionCongressNTUC,6:22 PM,6:43 PM
S7661974U,NationalTradesUnionCongressNTUC,6:22 PM,6:43 PM
T0380893X,NationalTradesUnionCongressNTUC,6:22 PM,6:43 PM
T0315297F,NationalTradesUnionCongressNTUC,6:22 PM,6:43 PM
T0828451K,NationalTradesUnionCongressNTUC,6:22 PM,6:43 PM
T0998549P,NationalTradesUnionCongressNTUC,6:22 PM,6:43 PM
S8334425M,OSIMInternationalLtd,6:22 PM,6:43 PM
T0624742Z,OSIMInternationalLtd,6:22 PM,6:43 PM
T0052945C,OSIMInternationalLtd,6:23 PM,6:44 PM
S8230782O,OSIMInternationalLtd,6:23 PM,6:44 PM
S9964366Z,OSIMInternationalLtd,6:23 PM,6:44 PM
T0714413I,OSIMInternationalLtd,6:23 PM,6:44 PM
T0937417K,OSIMInternationalLtd,6:23 PM,6:44 PM
T0030728H,OSIMInternationalLtd,6:23 PM,6:44 PM
S6283699Y,OSIMInternationalLtd,6:23 PM,6:44 PM
T0275661A,OSIMInternationalLtd,6:23 PM,6:44 PM
S8271326P,OSIMInternationalLtd,6:23 PM,6:44 PM
T0058171W,OSIMInternationalLtd,6:23 PM,6:44 PM
T0743353Q,OSIMInternationalLtd,6:23 PM,6:44 PM
T0444261I,OSIMInternationalLtd,6:23 PM,6:44 PM
T0048165G,OSIMInternationalLtd,6:23 PM,6:44 PM
T0782174R,OSIMInternationalLtd,6:23 PM,6:44 PM
S7929977R,OSIMInternationalLtd,6:23 PM,6:44 PM
S9189101N,OSIMInternationalLtd,6:23 PM,6:44 PM
S9799661I,OSIMInternationalLtd,6:23 PM,6:44 PM
S8639102G,OSIMInternationalLtd,6:23 PM,6:44 PM
T0940913C,OSIMInternationalLtd,6:23 PM,6:44 PM
S6923688B,OSIMInternationalLtd,6:23 PM,6:44 PM
S7857206E,OSIMInternationalLtd,6:23 PM,6:45 PM
S9878706D,OSIMInternationalLtd,6:23 PM,6:45 PM
S6123930J,OSIMInternationalLtd,6:23 PM,6:45 PM
T0866980G,OSIMInternationalLtd,6:23 PM,6:45 PM
S7775967Y,OSIMInternationalLtd,6:23 PM,6:45 PM
S9527701G,OSIMInternationalLtd,6:23 PM,6:45 PM
T0173275P,OSIMInternationalLtd,6:23 PM,6:45 PM
S9476757F,OSIMInternationalLtd,6:23 PM,6:45 PM
T0146934X,OSIMInternationalLtd,6:23 PM,6:45 PM
S8062097N,PAPPCF,6:23 PM,6:45 PM
S6432870R,PAPPCF,6:23 PM,6:45 PM
T0297108Z,PAPPCF,6:23 PM,6:45 PM
S6194660B,PAPPCF,6:23 PM,6:45 PM
S9378795U,PAPPCF,6:23 PM,6:45 PM
T0642201E,PAPPCF,6:23 PM,6:45 PM
S6997234Y,PAPPCF,6:23 PM,6:45 PM
S7412433X,PAPPCF,6:23 PM,6:45 PM
S8722402V,PAPPCF,6:23 PM,6:45 PM
S6221942W,PAPPCF,6:23 PM,6:45 PM
S8389995S,PAPPCF,6:23 PM,6:45 PM
T0561560D,PAPPCF,6:23 PM,6:46 PM
T0125818J,PAPPCF,6:23 PM,6:46 PM
T0532112W,PAPPCF,6:23 PM,6:46 PM
S6790950W,PAPPCF,6:23 PM,6:46 PM
T0057412H,PAPPCF,6:23 PM,6:46 PM
T0718297T,PAPPCF,6:23 PM,6:46 PM
S9126073P,PAPPCF,6:23 PM,6:46 PM
T0614919M,PAPPCF,6:23 PM,6:46 PM
S7596109U,PAPPCF,6:23 PM,6:46 PM
T0616193U,PAPPCF,6:23 PM,6:46 PM
T0012734W,PAPPCF,6:23 PM,6:46 PM
T0491572K,PAPPCF,6:23 PM,6:46 PM
T0358601O,PAPPCF,6:23 PM,6:46 PM
T0961280W,PAPPCF,6:23 PM,6:46 PM
S8552957J,PAPPCF,6:23 PM,6:46 PM
T0172091X,PAPPCF,6:23 PM,6:46 PM
S8540134T,PAPPCF,6:23 PM,6:46 PM
S6123560W,PAPPCF,6:23 PM,6:46 PM
T0287162S,PAPPCF,6:23 PM,6:46 PM
T0725005I,PAPPCF,6:23 PM,6:46 PM
S8028437Y,PAPPCF,6:24 PM,6:47 PM
T0560527M,PAPPCF,6:24 PM,6:47 PM
T0314425S,PAPPCF,6:24 PM,6:47 PM
S7247993O,PSA,6:24 PM,6:47 PM
T0743161F,PSA,6:24 PM,6:47 PM
S6043666E,PSA,6:24 PM,6:47 PM
S9323500U,PSA,6:24 PM,6:47 PM
T0492453S,PSA,6:24 PM,6:47 PM
S7932215N,PSA,6:24 PM,6:47 PM
T0786902M,PSA,6:24 PM,6:47 PM
T0474623W,PSA,6:24 PM,6:47 PM
S7825270T,PSA,6:24 PM,6:47 PM
T0630768A,PSA,6:24 PM,6:47 PM
T0896222A,PSA,6:24 PM,6:47 PM
S6743174F,PSA,6:24 PM,6:47 PM
T0913931H,PSA,6:24 PM,6:47 PM
T0167115P,PSA,6:24 PM,6:47 PM
S6724022I,PSA,6:24 PM,6:47 PM
S7390720X,PSA,6:24 PM,6:47 PM
S9091443J,PSA,6:24 PM,6:47 PM
T0485585L,PSA,6:24 PM,6:48 PM
S7236131Z,PSA,6:24 PM,6:48 PM
S8675470M,PSA,6:24 PM,6:48 PM
T0950167H,PSA,6:24 PM,6:48 PM
S7541468P,PSA,6:24 PM,6:48 PM
S6153667A,PSA,6:24 PM,6:48 PM
S7692728I,PSA,6:24 PM,6:48 PM
S8431400T,PSA,6:24 PM,6:48 PM
S6947436G,PSA,6:24 PM,6:48 PM
S6857175B,PSA,6:24 PM,6:48 PM
T0367716H,RSAFParticipationCommandandAirForceTrainingCommand,6:24 PM,6:48 PM
T0298669G,RSAFParticipationCommandandAirForceTrainingCommand,6:24 PM,6:48 PM
S9956760W,RSAFParticipationCommandandAirForceTrainingCommand,6:24 PM,6:48 PM
S8116568W,RSAFParticipationCommandandAirForceTrainingCommand,6:24 PM,6:48 PM
T0363375V,RSAFParticipationCommandandAirForceTrainingCommand,6:24 PM,6:48 PM
S7322991Q,RSAFParticipationCommandandAirForceTrainingCommand,6:24 PM,6:48 PM
S7627733Y,RSAFParticipationCommandandAirForceTrainingCommand,6:24 PM,6:48 PM
S7862037C,RSAFParticipationCommandandAirForceTrainingCommand,6:24 PM,6:48 PM
T0993867N,RSAFParticipationCommandandAirForceTrainingCommand,6:24 PM,6:48 PM
T0847875A,RSAFParticipationCommandandAirForceTrainingCommand,6:24 PM,6:48 PM
S8698699O,RSAFParticipationCommandandAirForceTrainingCommand,6:24 PM,6:49 PM
S7692297R,RSAFParticipationCommandandAirForceTrainingCommand,6:24 PM,6:49 PM
S8537663D,RSAFParticipationCommandandAirForceTrainingCommand,6:24 PM,6:49 PM
S6528638F,RSAFParticipationCommandandAirForceTrainingCommand,6:24 PM,6:49 PM
S7689852Y,RSAFParticipationCommandandAirForceTrainingCommand,6:24 PM,6:49 PM
S8670507L,RSAFParticipationCommandandAirForceTrainingCommand,6:24 PM,6:49 PM
T0142269W,RSAFParticipationCommandandAirForceTrainingCommand,6:24 PM,6:49 PM
S8963797C,RSAFParticipationCommandandAirForceTrainingCommand,6:24 PM,6:49 PM
T0418002K,RSAFParticipationCommandandAirForceTrainingCommand,6:24 PM,6:49 PM
T0759589H,RSAFParticipationCommandandAirForceTrainingCommand,6:24 PM,6:49 PM
S8632981Q,RSAFParticipationCommandandAirForceTrainingCommand,6:24 PM,6:49 PM
T0497546C,RSAFAirCombatCommandAirPowerGenerationCommand,6:24 PM,6:49 PM
S7674689P,RSAFAirCombatCommandAirPowerGenerationCommand,6:24 PM,6:49 PM
S6832779W,RSAFAirCombatCommandAirPowerGenerationCommand,6:24 PM,6:49 PM
S7479434P,RSAFAirCombatCommandAirPowerGenerationCommand,6:24 PM,6:49 PM
T0133113Y,RSAFAirCombatCommandAirPowerGenerationCommand,6:24 PM,6:49 PM
S7233734X,RSAFAirCombatCommandAirPowerGenerationCommand,6:24 PM,6:49 PM
S7588394A,RSAFAirCombatCommandAirPowerGenerationCommand,6:24 PM,6:49 PM
S7315220W,RSAFAirCombatCommandAirPowerGenerationCommand,6:24 PM,6:49 PM
T0342713Y,RSAFAirCombatCommandAirPowerGenerationCommand,6:24 PM,6:49 PM
S6156951M,RSAFAirCombatCommandAirPowerGenerationCommand,6:25 PM,6:50 PM
T0716258A,RSAFAirCombatCommandAirPowerGenerationCommand,6:25 PM,6:50 PM
S8359358Z,RSAFAirCombatCommandAirPowerGenerationCommand,6:25 PM,6:50 PM
S6462103J,RSAFAirCombatCommandAirPowerGenerationCommand,6:25 PM,6:50 PM
S7871489W,RSAFAirCombatCommandAirPowerGenerationCommand,6:25 PM,6:50 PM
T0385800W,RSAFAirCombatCommandAirPowerGenerationCommand,6:25 PM,6:50 PM
T0483149E,RSAFAirCombatCommandAirPowerGenerationCommand,6:25 PM,6:50 PM
S9519254K,RSAFAirCombatCommandAirPowerGenerationCommand,6:25 PM,6:50 PM
T0959168I,RSAFAirCombatCommandAirPowerGenerationCommand,6:25 PM,6:50 PM
S9819232U,RSAFAirCombatCommandAirPowerGenerationCommand,6:25 PM,6:50 PM
S8271472L,RSAFAirCombatCommandAirPowerGenerationCommand,6:25 PM,6:50 PM
T0550635Y,RSAFAirCombatCommandAirPowerGenerationCommand,6:25 PM,6:50 PM
S6299975C,RSAFAirCombatCommandAirPowerGenerationCommand,6:25 PM,6:50 PM
S7935404A,RSAFAirCombatCommandAirPowerGenerationCommand,6:25 PM,6:50 PM
T0425566W,RSAFAirCombatCommandAirPowerGenerationCommand,6:25 PM,6:50 PM
S7153873I,RSAFAirCombatCommandAirPowerGenerationCommand,6:25 PM,6:50 PM
S7645113E,RSAFAirCombatCommandAirPowerGenerationCommand,6:25 PM,6:50 PM
T0458060N,RSAFAirCombatCommandAirPowerGenerationCommand,6:25 PM,6:50 PM
T0598598M,RSAFAirCombatCommandAirPowerGenerationCommand,6:25 PM,6:50 PM
S9285147S,RSAFAirCombatCommandAirPowerGenerationCommand,6:25 PM,6:50 PM
T0512819E,RSNMaritimeTrainingandDoctrineCommand,6:25 PM,6:51 PM
S8014451F,RSNMaritimeTrainingandDoctrineCommand,6:25 PM,6:51 PM
S8363618P,RSNMaritimeTrainingandDoctrineCommand,6:25 PM,6:51 PM
T0423846E,RSNMaritimeTrainingandDoctrineCommand,6:25 PM,6:51 PM
T0223424T,RSNMaritimeTrainingandDoctrineCommand,6:25 PM,6:51 PM
S6326817T,RSNMaritimeTrainingandDoctrineCommand,6:25 PM,6:51 PM
T0980669G,RSNMaritimeTrainingandDoctrineCommand,6:25 PM,6:51 PM
T0955481G,RSNMaritimeTrainingandDoctrineCommand,6:25 PM,6:51 PM
S6138729N,RSNMaritimeTrainingandDoctrineCommand,6:25 PM,6:51 PM
S9745210B,RSNMaritimeTrainingandDoctrineCommand,6:25 PM,6:51 PM
T0784531B,RSNMaritimeTrainingandDoctrineCommand,6:25 PM,6:51 PM
T0734768U,RSNMaritimeTrainingandDoctrineCommand,6:25 PM,6:51 PM
S6035711E,RSNMaritimeTrainingandDoctrineCommand,6:25 PM,6:51 PM
T0260128T,RSNMaritimeTrainingandDoctrineCommand,6:25 PM,6:51 PM
S6736344P,RSNMaritimeTrainingandDoctrineCommand,6:25 PM,6:51 PM
T0816734Q,RSNMaritimeTrainingandDoctrineCommand,6:25 PM,6:51 PM
T0457383G,RSNMaritimeTrainingandDoctrineCommand,6:25 PM,6:51 PM
S7350653X,RSNMaritimeTrainingandDoctrineCommand,6:25 PM,6:51 PM
S6680734B,RSNMaritimeTrainingandDoctrineCommand,6:25 PM,6:51 PM
S6070397O,RSNMaritimeTrainingandDoctrineCommand,6:25 PM,6:51 PM
T0545997L,RSNMaritimeTrainingandDoctrineCommand,6:25 PM,6:52 PM
S6677157T,RSNMaritimeTrainingandDoctrineCommand,6:25 PM,6:52 PM
T0756571J,RSNMaritimeTrainingandDoctrineCommand,6:25 PM,6:52 PM
S7093857H,RSNMaritimeTrainingandDoctrineCommand,6:25 PM,6:52 PM
T0230894Z,RSNMaritimeTrainingandDoctrineCommand,6:25 PM,6:52 PM
T0341574L,RSNMaritimeTrainingandDoctrineCommand,6:25 PM,6:52 PM
T0120516J,RSNMaritimeTrainingandDoctrineCommand,6:25 PM,6:52 PM
S6254953G,RSNMaritimeTrainingandDoctrineCommand,6:25 PM,6:52 PM
T0863035M,RSNMaritimeTrainingandDoctrineCommand,6:25 PM,6:52 PM
T0295657Q,RSNMaritimeTrainingandDoctrineCommand,6:25 PM,6:52 PM
T0359856H,RSNMaritimeTrainingandDoctrineCommand,6:25 PM,6:52 PM
T0150587L,RSNMaritimeTrainingandDoctrineCommand,6:25 PM,6:52 PM
T0328872L,RSNMaritimeTrainingandDoctrineCommand,6:25 PM,6:52 PM
T0685623E,RSNMaritimeTrainingandDoctrineCommand,6:25 PM,6:52 PM
T0886541W,RSNMaritimeTrainingandDoctrineCommand,6:25 PM,6:52 PM
T0460021U,RSNMaritimeTrainingandDoctrineCommand,6:25 PM,6:52 PM
S9099595N,SembcorpLtd,6:25 PM,6:52 PM
S6173956D,SembcorpLtd,6:25 PM,6:52 PM
S8828213W,SembcorpLtd,6:25 PM,6:52 PM
S8123290N,SembcorpLtd,6:25 PM,6:52 PM
S9326293T,SembcorpLtd,6:26 PM,6:53 PM
S8468437W,SembcorpLtd,6:26 PM,6:53 PM
S8246262R,SembcorpLtd,6:26 PM,6:53 PM
S8357628F,SembcorpLtd,6:26 PM,6:53 PM
T0698544P,SembcorpLtd,6:26 PM,6:53 PM
T0196721F,SembcorpLtd,6:26 PM,6:53 PM
S8060934Q,SembcorpLtd,6:26 PM,6:53 PM
T0911469Z,SembcorpLtd,6:26 PM,6:53 PM
S8859270O,SembcorpLtd,6:26 PM,6:53 PM
T0444949T,SembcorpLtd,6:26 PM,6:53 PM
S6452223M,SembcorpLtd,6:26 PM,6:53 PM
T0031773C,SembcorpLtd,6:26 PM,6:53 PM
S6453686Z,SembcorpLtd,6:26 PM,6:53 PM
T0440194N,SembcorpLtd,6:26 PM,6:53 PM
T0022413I,SembcorpLtd,6:26 PM,6:53 PM
T0822569D,SembcorpLtd,6:26 PM,6:53 PM
S8496949I,SembcorpLtd,6:26 PM,6:53 PM
S8591622K,SembcorpLtd,6:26 PM,6:53 PM
T0189524R,SembcorpLtd,6:26 PM,6:53 PM
T0574615F,SembcorpLtd,6:26 PM,6:53 PM
S8729268B,SembcorpLtd,6:26 PM,6:54 PM
S8620219Y,SembcorpLtd,6:26 PM,6:54 PM
S9230701R,SembcorpLtd,6:26 PM,6:54 PM
S7129843X,SembcorpLtd,6:26 PM,6:54 PM
T0632080Z,SembcorpLtd,6:26 PM,6:54 PM
T0575735P,SembcorpLtd,6:26 PM,6:54 PM
T0860024I,SembcorpLtd,6:26 PM,6:54 PM
T0726270B,SingaporeAirlines,6:26 PM,6:54 PM
T0244293J,SingaporeAirlines,6:26 PM,6:54 PM
S9924103H,SingaporeAirlines,6:26 PM,6:54 PM
T0378127R,SingaporeAirlines,6:26 PM,6:54 PM
S8775767U,SingaporeAirlines,6:26 PM,6:54 PM
T0167646G,SingaporeAirlines,6:26 PM,6:54 PM
S6076246Z,SingaporeAirlines,6:26 PM,6:54 PM
S8514312T,SingaporeAirlines,6:26 PM,6:54 PM
T0227662W,SingaporeAirlines,6:26 PM,6:54 PM
T0216926H,SingaporeAirlines,6:26 PM,6:54 PM
S7966717L,SingaporeAirlines,6:26 PM,6:54 PM
T0828982J,SingaporeAirlines,6:26 PM,6:54 PM
S8626195G,SingaporeAirlines,6:26 PM,6:54 PM
T0826527F,SingaporeAirlines,6:26 PM,6:55 PM
T0796747K,SingaporeAirlines,6:26 PM,6:55 PM
T0744162T,SingaporeAirlines,6:26 PM,6:55 PM
T0390210P,SingaporeAirlines,6:26 PM,6:55 PM
T0699684Q,SingaporeAirlines,6:26 PM,6:55 PM
S8974450A,SingaporeAirlines,6:26 PM,6:55 PM
S6144498R,SingaporeAirlines,6:26 PM,6:55 PM
T0357809E,SingaporeAirlines,6:26 PM,6:55 PM
T0274139G,SingaporeAirlines,6:26 PM,6:55 PM
T0472163U,SingaporeAirlines,6:26 PM,6:55 PM
T0579535K,SingaporeAirlines,6:26 PM,6:55 PM
S8571662H,SingaporeAirlines,6:26 PM,6:55 PM
T0855625F,SingaporeAirlines,6:26 PM,6:55 PM
T0651818R,SingaporeAirlines,6:26 PM,6:55 PM
S6474528H,SingaporeAirlines,6:26 PM,6:55 PM
S8353252A,SingaporeAirlines,6:26 PM,6:55 PM
T0189340P,SingaporeAirlines,6:26 PM,6:55 PM
S6623771C,SingaporeRedCross,6:26 PM,6:55 PM
S8677163K,SingaporeRedCross,6:26 PM,6:55 PM
S6923680Y,SingaporeRedCross,6:26 PM,6:55 PM
S9736708L,SingaporeRedCross,6:27 PM,6:56 PM
T0273181C,SingaporeRedCross,6:27 PM,6:56 PM
T0481129F,SingaporeRedCross,6:27 PM,6:56 PM
S8748228O,SingaporeRedCross,6:27 PM,6:56 PM
S8650370L,SingaporeRedCross,6:27 PM,6:56 PM
S8711484A,SingaporeRedCross,6:27 PM,6:56 PM
S7559919O,SingaporeRedCross,6:27 PM,6:56 PM
S6641795S,SingaporeRedCross,6:27 PM,6:56 PM
T0283191B,SingaporeRedCross,6:27 PM,6:56 PM
S9987465F,SingaporeRedCross,6:27 PM,6:56 PM
T0389875G,SingaporeRedCross,6:27 PM,6:56 PM
S8522543P,SingaporeRedCross,6:27 PM,6:56 PM
T0974883H,SingaporeRedCross,6:27 PM,6:56 PM
S9331078J,SingaporeRedCross,6:27 PM,6:56 PM
T0533598M,SingaporeRedCross,6:27 PM,6:56 PM
S6597117E,SingaporeRedCross,6:27 PM,6:56 PM
S8517725S,SingaporeRedCross,6:27 PM,6:56 PM
S9939006F,SingaporeRedCross,6:27 PM,6:56 PM
S9481254D,SingaporeRedCross,6:27 PM,6:56 PM
T0241207T,SingaporeRedCross,6:27 PM,6:56 PM
T0056361W,SingaporeRedCross,6:27 PM,6:57 PM
S7972550F,SingaporeRedCross,6:27 PM,6:57 PM
T0348802D,SingaporeRedCross,6:27 PM,6:57 PM
T0431060L,SingaporeRedCross,6:27 PM,6:57 PM
T0366626A,SingaporeRedCross,6:27 PM,6:57 PM
S8888504M,SingaporeRedCross,6:27 PM,6:57 PM
S6446613C,SingaporeRedCross,6:27 PM,6:57 PM
S8868577E,SingaporeRedCross,6:27 PM,6:57 PM
S7965711W,SingaporeRedCross,6:27 PM,6:57 PM
T0365531T,SingaporeRedCross,6:27 PM,6:57 PM
T0942044N,SingaporeRedCross,6:27 PM,6:57 PM
S6518977E,SingaporeRedCross,6:27 PM,6:57 PM
T0290520N,SingaporeScoutsAssociation,6:27 PM,6:57 PM
T0570592M,SingaporeScoutsAssociation,6:27 PM,6:57 PM
S9533114S,SingaporeScoutsAssociation,6:27 PM,6:57 PM
S8312915T,SingaporeScoutsAssociation,6:27 PM,6:57 PM
S9577038J,SingaporeScoutsAssociation,6:27 PM,6:57 PM
T0842457Z,SingaporeScoutsAssociation,6:27 PM,6:57 PM
S6594152T,SingaporeScoutsAssociation,6:27 PM,6:57 PM
S6293163K,SingaporeScoutsAssociation,6:27 PM,6:57 PM
T0829919U,SingaporeScoutsAssociation,6:27 PM,6:58 PM
S7022572A,SingaporeScoutsAssociation,6:27 PM,6:58 PM
S6150432S,SingaporeScoutsAssociation,6:27 PM,6:58 PM
T0013598L,SingaporeScoutsAssociation,6:27 PM,6:58 PM
S7070467M,SingaporeScoutsAssociation,6:27 PM,6:58 PM
S6743369D,SingaporeScoutsAssociation,6:27 PM,6:58 PM
S9211755K,SingaporeScoutsAssociation,6:27 PM,6:58 PM
S7497782F,SingaporeScoutsAssociation,6:27 PM,6:58 PM
T0476822C,SingaporeScoutsAssociation,6:27 PM,6:58 PM
T0726275W,SingaporeScoutsAssociation,6:27 PM,6:58 PM
S7041649Y,SingaporeScoutsAssociation,6:27 PM,6:58 PM
T0283266B,SingaporeScoutsAssociation,6:27 PM,6:58 PM
T0183491Q,SingaporeScoutsAssociation,6:27 PM,6:58 PM
T0490217F,SingaporeScoutsAssociation,6:27 PM,6:58 PM
S7878108Y,SingaporeScoutsAssociation,6:27 PM,6:58 PM
T0153340T,SingaporeScoutsAssociation,6:27 PM,6:58 PM
S6891277J,SingaporeScoutsAssociation,6:27 PM,6:58 PM
T0090439K,SingaporeScoutsAssociation,6:27 PM,6:58 PM
S8855777M,SingaporeScoutsAssociation,6:27 PM,6:58 PM
T0034696B,SingaporeScoutsAssociation,6:27 PM,6:58 PM
T0844113Y,SingaporeScoutsAssociation,6:28 PM,6:59 PM
T0947716H,SingaporeTelecommunicationsLtdSingtel,6:28 PM,6:59 PM
S8318152O,SingaporeTelecommunicationsLtdSingtel,6:28 PM,6:59 PM
T0511256D,SingaporeTelecommunicationsLtdSingtel,6:28 PM,6:59 PM
S6587240E,SingaporeTelecommunicationsLtdSingtel,6:28 PM,6:59 PM
T0032608E,SingaporeTelecommunicationsLtdSingtel,6:28 PM,6:59 PM
T0693954D,SingaporeTelecommunicationsLtdSingtel,6:28 PM,6:59 PM
T0723463B,SingaporeTelecommunicationsLtdSingtel,6:28 PM,6:59 PM
S7726673S,SingaporeTelecommunicationsLtdSingtel,6:28 PM,6:59 PM
S9172745Z,SingaporeTelecommunicationsLtdSingtel,6:28 PM,6:59 PM
T0992870Q,SingaporeTelecommunicationsLtdSingtel,6:28 PM,6:59 PM
S8349313Y,SingaporeTelecommunicationsLtdSingtel,6:28 PM,6:59 PM
T0285661H,SingaporeTelecommunicationsLtdSingtel,6:28 PM,6:59 PM
T0041945L,SingaporeTelecommunicationsLtdSingtel,6:28 PM,6:59 PM
T0393165O,SingaporeTelecommunicationsLtdSingtel,6:28 PM,6:59 PM
T0915557D,SingaporeTelecommunicationsLtdSingtel,6:28 PM,6:59 PM
T0280791F,SingaporeTelecommunicationsLtdSingtel,6:28 PM,6:59 PM
T0979929J,SingaporeTelecommunicationsLtdSingtel,6:28 PM,6:59 PM
S7167877W,SingaporeTelecommunicationsLtdSingtel,6:28 PM,6:59 PM
S7462696O,SingaporeTelecommunicationsLtdSingtel,6:28 PM,6:59 PM
S7095459V,SingaporeTelecommunicationsLtdSingtel,6:28 PM,7:00 PM
S9480478F,SingaporeTelecommunicationsLtdSingtel,6:28 PM,7:00 PM
S6029474T,SingaporeTelecommunicationsLtdSingtel,6:28 PM,7:00 PM
T0912520F,SingaporeTelecommunicationsLtdSingtel,6:28 PM,7:00 PM
T0993045Z,SingaporeTelecommunicationsLtdSingtel,6:28 PM,7:00 PM
T0671729Y,SingaporeTelecommunicationsLtdSingtel,6:28 PM,7:00 PM
S6390422O,SingaporeTelecommunicationsLtdSingtel,6:28 PM,7:00 PM
S6986458O,SingaporeTelecommunicationsLtdSingtel,6:28 PM,7:00 PM
S7338365N,SingaporeTelecommunicationsLtdSingtel,6:28 PM,7:00 PM
S9786776P,SingaporeTelecommunicationsLtdSingtel,6:28 PM,7:00 PM
T0040367N,SingaporeTelecommunicationsLtdSingtel,6:28 PM,7:00 PM
T0314667G,SingaporeTelecommunicationsLtdSingtel,6:28 PM,7:00 PM
T0018529V,SingPost,6:28 PM,7:00 PM
T0832048D,SingPost,6:28 PM,7:00 PM
S8323024Q,SingPost,6:28 PM,7:00 PM
S6458908F,SingPost,6:28 PM,7:00 PM
S7750577P,SingPost,6:28 PM,7:00 PM
T0667231Y,SingPost,6:28 PM,7:00 PM
S7811846F,SingPost,6:28 PM,7:00 PM
T0694740J,SingPost,6:28 PM,7:00 PM
S7019255P,SingPost,6:28 PM,7:01 PM
T0443436C,SingPost,6:28 PM,7:01 PM
S9880315J,SingPost,6:28 PM,7:01 PM
S6129848G,SingPost,6:28 PM,7:01 PM
S6870064X,SingPost,6:28 PM,7:01 PM
T0831949I,SingPost,6:28 PM,7:01 PM
S7145637U,SingPost,6:28 PM,7:01 PM
T0961762R,SingPost,6:28 PM,7:01 PM
S6546968K,SingPost,6:28 PM,7:01 PM
T0748000F,SingPost,6:28 PM,7:01 PM
S9726497L,SingPost,6:28 PM,7:01 PM
T0279963Q,SingPost,6:28 PM,7:01 PM
S8264275O,SingPost,6:28 PM,7:01 PM
T0381588X,SingPost,6:28 PM,7:01 PM
T0637216J,SingPost,6:28 PM,7:01 PM
T0611264P,SingPost,6:28 PM,7:01 PM
T0379179B,SingPost,6:28 PM,7:01 PM
T0039507O,SingPost,6:28 PM,7:01 PM
S9661288O,SMRT,6:28 PM,7:01 PM
S7425907Q,SMRT,6:28 PM,7:01 PM
S8790667J,SMRT,6:29 PM,7:02 PM
S7059194M,SMRT,6:29 PM,7:02 PM
T0216729M,SMRT,6:29 PM,7:02 PM
T0594173S,SMRT,6:29 PM,7:02 PM
T0765593J,SMRT,6:29 PM,7:02 PM
T0823499T,SMRT,6:29 PM,7:02 PM
S9723084G,SMRT,6:29 PM,7:02 PM
S8357517C,SMRT,6:29 PM,7:02 PM
S9324615Y,SMRT,6:29 PM,7:02 PM
T0051493L,SMRT,6:29 PM,7:02 PM
T0044689I,SMRT,6:29 PM,7:02 PM
T0486191D,SMRT,6:29 PM,7:02 PM
T0266837O,SMRT,6:29 PM,7:02 PM
S7349182J,SMRT,6:29 PM,7:02 PM
S8889118C,SMRT,6:29 PM,7:02 PM
S7974195H,SMRT,6:29 PM,7:02 PM
S9976703H,SMRT,6:29 PM,7:02 PM
S8580056W,SMRT,6:29 PM,7:02 PM
T0682770R,SMRT,6:29 PM,7:02 PM
T0473048E,SMRT,6:29 PM,7:02 PM
T0858173V,SMRT,6:29 PM,7:03 PM
T0051275P,SMRT,6:29 PM,7:03 PM
S6793472X,SMRT,6:29 PM,7:03 PM
S7196191I,SMRT,6:29 PM,7:03 PM
S8834026Z,SMRT,6:29 PM,7:03 PM
T0127192V,SMRT,6:29 PM,7:03 PM
T0237463Y,SMRT,6:29 PM,7:03 PM
T0373250M,SMRT,6:29 PM,7:03 PM
S7930820G,SMRT,6:29 PM,7:03 PM
S7049522I,SMRT,6:29 PM,7:03 PM
S7515803V,SportsSG,6:29 PM,7:03 PM
S7520760I,SportsSG,6:29 PM,7:03 PM
S7670695X,SportsSG,6:29 PM,7:03 PM
S6795190F,SportsSG,6:29 PM,7:03 PM
S9690407Y,SportsSG,6:29 PM,7:03 PM
S6571259C,SportsSG,6:29 PM,7:03 PM
T0141708C,SportsSG,6:29 PM,7:03 PM
T0682471E,SportsSG,6:29 PM,7:03 PM
T0135645E,SportsSG,6:29 PM,7:03 PM
T0489488X,SportsSG,6:29 PM,7:03 PM
T0299071V,SportsSG,6:29 PM,7:04 PM
T0773729M,SportsSG,6:29 PM,7:04 PM
T0879781N,SportsSG,6:29 PM,7:04 PM
T0263612S,SportsSG,6:29 PM,7:04 PM
T0516010C,SportsSG,6:29 PM,7:04 PM
S6752866A,SportsSG,6:29 PM,7:04 PM
S8157787W,SportsSG,6:29 PM,7:04 PM
S9550652U,SportsSG,6:29 PM,7:04 PM
S8476612B,SportsSG,6:29 PM,7:04 PM
S9476966N,SportsSG,6:29 PM,7:04 PM
T0053772X,SportsSG,6:29 PM,7:04 PM
S8590921T,SportsSG,6:29 PM,7:04 PM
S8660702X,SportsSG,6:29 PM,7:04 PM
T0147860C,SportsSG,6:29 PM,7:04 PM
T0030086D,SportsSG,6:29 PM,7:04 PM
S6880643O,SportsSG,6:29 PM,7:04 PM
T0821602Q,SportsSG,6:29 PM,7:04 PM
S9738793J,SportsSG,6:29 PM,7:04 PM
S8665982S,SportsSG,6:29 PM,7:04 PM
S7398555F,SportsSG,6:29 PM,7:04 PM
S9774989K,SportsSG,6:30 PM,7:05 PM
S7793382C,StJohnBrigadeSingapore,6:30 PM,7:05 PM
T0691716K,StJohnBrigadeSingapore,6:30 PM,7:05 PM
S7985689L,StJohnBrigadeSingapore,6:30 PM,7:05 PM
S8762740J,StJohnBrigadeSingapore,6:30 PM,7:05 PM
T0971851X,StJohnBrigadeSingapore,6:30 PM,7:05 PM
S6192955F,StJohnBrigadeSingapore,6:30 PM,7:05 PM
T0393583O,StJohnBrigadeSingapore,6:30 PM,7:05 PM
T0292120S,StJohnBrigadeSingapore,6:30 PM,7:05 PM
S6145449O,StJohnBrigadeSingapore,6:30 PM,7:05 PM
T0391815E,StJohnBrigadeSingapore,6:30 PM,7:05 PM
T0219850R,StJohnBrigadeSingapore,6:30 PM,7:05 PM
T0427781W,StJohnBrigadeSingapore,6:30 PM,7:05 PM
T0572521D,StJohnBrigadeSingapore,6:30 PM,7:05 PM
T0433216P,StJohnBrigadeSingapore,6:30 PM,7:05 PM
S7069767D,StJohnBrigadeSingapore,6:30 PM,7:05 PM
S6881198V,StJohnBrigadeSingapore,6:30 PM,7:05 PM
T0432178Y,StJohnBrigadeSingapore,6:30 PM,7:05 PM
S8819092K,StJohnBrigadeSingapore,6:30 PM,7:05 PM
T0156521P,StJohnBrigadeSingapore,6:30 PM,7:05 PM
T0377886Q,StJohnBrigadeSingapore,6:30 PM,7:06 PM
T0261512Z,StJohnBrigadeSingapore,6:30 PM,7:06 PM
S7364138M,StJohnBrigadeSingapore,6:30 PM,7:06 PM
T0230944B,StJohnBrigadeSingapore,6:30 PM,7:06 PM
S9339931J,StJohnBrigadeSingapore,6:30 PM,7:06 PM
S9735420M,StJohnBrigadeSingapore,6:30 PM,7:06 PM
S8092004O,StJohnBrigadeSingapore,6:30 PM,7:06 PM
T0361740D,StJohnBrigadeSingapore,6:30 PM,7:06 PM
S8015060U,StJohnBrigadeSingapore,6:30 PM,7:06 PM
S7254004K,StJohnBrigadeSingapore,6:30 PM,7:06 PM
T0962528K,StJohnBrigadeSingapore,6:30 PM,7:06 PM
S9291352Z,StJohnBrigadeSingapore,6:30 PM,7:06 PM
S8484619N,StJohnBrigadeSingapore,6:30 PM,7:06 PM
T0221122N,StJohnBrigadeSingapore,6:30 PM,7:06 PM
S9771121V,StJohnBrigadeSingapore,6:30 PM,7:06 PM
S8272248D,StJohnBrigadeSingapore,6:30 PM,7:06 PM
S6576989B,StJohnBrigadeSingapore,6:30 PM,7:06 PM
S9868531F,StJohnBrigadeSingapore,6:30 PM,7:06 PM
T0417397A,StJohnBrigadeSingapore,6:30 PM,7:06 PM
T0362647L,TheBoysBrigadeSingapore,6:30 PM,7:06 PM
T0325732L,TheBoysBrigadeSingapore,6:30 PM,7:07 PM
T0084177B,TheBoysBrigadeSingapore,6:30 PM,7:07 PM
S7886421F,TheBoysBrigadeSingapore,6:30 PM,7:07 PM
S6232835D,TheBoysBrigadeSingapore,6:30 PM,7:07 PM
S8455929A,TheBoysBrigadeSingapore,6:30 PM,7:07 PM
S8494561K,TheBoysBrigadeSingapore,6:30 PM,7:07 PM
S6888695H,TheBoysBrigadeSingapore,6:30 PM,7:07 PM
T0011164L,TheBoysBrigadeSingapore,6:30 PM,7:07 PM
S7613711E,TheBoysBrigadeSingapore,6:30 PM,7:07 PM
S8398333T,TheBoysBrigadeSingapore,6:30 PM,7:07 PM
S8451130L,TheBoysBrigadeSingapore,6:30 PM,7:07 PM
S9859117F,TheBoysBrigadeSingapore,6:30 PM,7:07 PM
T0635644B,TheBoysBrigadeSingapore,6:30 PM,7:07 PM
T0125143D,TheBoysBrigadeSingapore,6:30 PM,7:07 PM
T0713396S,TheBoysBrigadeSingapore,6:30 PM,7:07 PM
T0188919S,TheBoysBrigadeSingapore,6:30 PM,7:07 PM
T0180340P,TheBoysBrigadeSingapore,6:30 PM,7:07 PM
T0079279W,TheBoysBrigadeSingapore,6:30 PM,7:07 PM
T0496365P,TheBoysBrigadeSingapore,6:30 PM,7:07 PM
S7216719O,TheBoysBrigadeSingapore,6:30 PM,7:07 PM
S9950608Z,TheBoysBrigadeSingapore,6:31 PM,7:08 PM
T0368958K,TheBoysBrigadeSingapore,6:31 PM,7:08 PM
S8938798D,TheBoysBrigadeSingapore,6:31 PM,7:08 PM
S8898351K,TheBoysBrigadeSingapore,6:31 PM,7:08 PM
S6538254V,TheBoysBrigadeSingapore,6:31 PM,7:08 PM
S8513236Q,TheBoysBrigadeSingapore,6:31 PM,7:08 PM
T0246157X,TheBoysBrigadeSingapore,6:31 PM,7:08 PM
T0174829K,TheBoysBrigadeSingapore,6:31 PM,7:08 PM
T0745451U,TheBoysBrigadeSingapore,6:31 PM,7:08 PM
S6455115G,TheBoysBrigadeSingapore,6:31 PM,7:08 PM
T0427094E,TheBoysBrigadeSingapore,6:31 PM,7:08 PM
T0962956Z,TheBoysBrigadeSingapore,6:31 PM,7:08 PM
T0098283W,TheBoysBrigadeSingapore,6:31 PM,7:08 PM
T0186402R,TheBoysBrigadeSingapore,6:31 PM,7:08 PM
T0220606W,TheGirlsBrigadeSingapore,6:31 PM,7:08 PM
T0967380L,TheGirlsBrigadeSingapore,6:31 PM,7:08 PM
T0856892Y,TheGirlsBrigadeSingapore,6:31 PM,7:08 PM
S9277146H,TheGirlsBrigadeSingapore,6:31 PM,7:08 PM
T0277442S,TheGirlsBrigadeSingapore,6:31 PM,7:08 PM
T0639711O,TheGirlsBrigadeSingapore,6:31 PM,7:08 PM
T0842510W,TheGirlsBrigadeSingapore,6:31 PM,7:09 PM
S8693402I,TheGirlsBrigadeSingapore,6:31 PM,7:09 PM
T0455050L,TheGirlsBrigadeSingapore,6:31 PM,7:09 PM
S6740878F,TheGirlsBrigadeSingapore,6:31 PM,7:09 PM
T0524641F,TheGirlsBrigadeSingapore,6:31 PM,7:09 PM
S9241606I,TheGirlsBrigadeSingapore,6:31 PM,7:09 PM
S8545876V,TheGirlsBrigadeSingapore,6:31 PM,7:09 PM
T0566406L,TheGirlsBrigadeSingapore,6:31 PM,7:09 PM
S8467008N,TheGirlsBrigadeSingapore,6:31 PM,7:09 PM
S8512718K,TheGirlsBrigadeSingapore,6:31 PM,7:09 PM
S6273246U,TheGirlsBrigadeSingapore,6:31 PM,7:09 PM
T0045940B,TheGirlsBrigadeSingapore,6:31 PM,7:09 PM
S7969431F,TheGirlsBrigadeSingapore,6:31 PM,7:09 PM
S7996388J,TheGirlsBrigadeSingapore,6:31 PM,7:09 PM
T0583732F,TheGirlsBrigadeSingapore,6:31 PM,7:09 PM
T0932428L,TheGirlsBrigadeSingapore,6:31 PM,7:09 PM
T0559794M,TheGirlsBrigadeSingapore,6:31 PM,7:09 PM
T0764671I,TheGirlsBrigadeSingapore,6:31 PM,7:09 PM
S8579670Q,TheGirlsBrigadeSingapore,6:31 PM,7:09 PM
T0717802X,TheGirlsBrigadeSingapore,6:31 PM,7:09 PM
